{
  "Datafile": "data/almgsi_train.csv",
  "Coeffs": {
    "c0": -3.5465397350019066,
    "c1_0": 0.5699594555645714,
    "c1_1": -0.24266115027658067,
    "c1_2": -1.064601071639745,
    "c2_d0000_0_00": 0.05425036335781919,
    "c2_d0000_0_02": -0.058958784758680334,
    "c2_d0000_0_11": -0.022536146854958028,
    "c2_d0001_0_00": -0.03458556815627323,
    "c2_d0001_0_01": 0.039453414219979624,
    "c2_d0002_0_22": 0.0775480884146838,
    "c3_d0000_0_000": -0.030724361175494888,
    "c3_d0000_0_001": 0.05691193039513018,
    "c3_d0001_0_001": 0.02332863929856105,
    "c3_d0001_0_220": -0.02448927074149973,
    "c3_d0001_0_221": 0.02958701236508926,
    "c3_d0001_0_222": 0.03681947618985537,
    "c3_d0002_0_022": 0.0353926481985577,
    "c3_d0002_0_111": -0.007814589210613412,
    "c3_d0002_0_112": -0.04566847896400604,
    "c3_d0003_0_122": 0.017382669065119587,
    "c3_d0003_0_222": -0.026089183570037755,
    "c3_d0003_1_011": 0.03657313797556483,
    "c3_d0003_1_222": 0.015330508987939667,
    "c3_d0004_0_101": -0.03534631843007649,
    "c3_d0004_0_200": 0.013285605903814167,
    "c3_d0004_0_201": -0.01857144548702258,
    "c3_d0005_0_001": -0.04112994954412473,
    "c3_d0005_0_002": 0.06606795089148326,
    "c3_d0005_0_022": -0.03437879167306248,
    "c3_d0005_0_122": 0.029490357297761283,
    "c3_d0005_0_200": -0.09105415609416628,
    "c3_d0005_0_202": -0.03958560126136026,
    "c3_d0005_0_211": 0.039652649526904865,
    "c4_d0000_0_0022": 0.04189075241756248,
    "c4_d0000_0_0111": -0.021676776666810667,
    "c4_d0000_0_0122": -0.037323875866451695,
    "c4_d0000_0_1112": 0.013021857157249378,
    "c4_d0000_0_1122": 0.009246302720146538
  },
  "Score": {
    "Name": "aicc",
    "Value": -947.0059823530592
  }
}